{
    "name": "root",
    "gauges": {
        "Aimbot.Policy.Entropy.mean": {
            "value": 0.8869550228118896,
            "min": 0.8713109493255615,
            "max": 2.1401002407073975,
            "count": 628
        },
        "Aimbot.Policy.Entropy.sum": {
            "value": 26686.703125,
            "min": 26167.2109375,
            "max": 64237.24609375,
            "count": 628
        },
        "Aimbot.Shooting.ShotsFired.mean": {
            "value": 0.0,
            "min": 0.0,
            "max": 0.0,
            "count": 1
        },
        "Aimbot.Shooting.ShotsFired.sum": {
            "value": 0.0,
            "min": 0.0,
            "max": 0.0,
            "count": 1
        },
        "Aimbot.Performance.TargetsHit.mean": {
            "value": 0.0,
            "min": 0.0,
            "max": 0.0,
            "count": 1
        },
        "Aimbot.Performance.TargetsHit.sum": {
            "value": 0.0,
            "min": 0.0,
            "max": 0.0,
            "count": 1
        },
        "Aimbot.Step.mean": {
            "value": 18839998.0,
            "min": 29952.0,
            "max": 18839998.0,
            "count": 628
        },
        "Aimbot.Step.sum": {
            "value": 18839998.0,
            "min": 29952.0,
            "max": 18839998.0,
            "count": 628
        },
        "Aimbot.Policy.ExtrinsicValueEstimate.mean": {
            "value": 405.8905944824219,
            "min": -1.244887113571167,
            "max": 617.1658325195312,
            "count": 628
        },
        "Aimbot.Policy.ExtrinsicValueEstimate.sum": {
            "value": 195233.375,
            "min": -588.8316040039062,
            "max": 295622.4375,
            "count": 628
        },
        "Aimbot.Losses.PolicyLoss.mean": {
            "value": 0.017964183418856312,
            "min": 0.010907412722008302,
            "max": 0.023605710904424388,
            "count": 628
        },
        "Aimbot.Losses.PolicyLoss.sum": {
            "value": 0.017964183418856312,
            "min": 0.010907412722008302,
            "max": 0.04498714858588452,
            "count": 628
        },
        "Aimbot.Losses.ValueLoss.mean": {
            "value": 1363.2985880533854,
            "min": 3.1716907382011414,
            "max": 2313.522705078125,
            "count": 628
        },
        "Aimbot.Losses.ValueLoss.sum": {
            "value": 1363.2985880533854,
            "min": 3.1716907382011414,
            "max": 4560.324039713541,
            "count": 628
        },
        "Aimbot.Policy.LearningRate.mean": {
            "value": 0.00011180357273216336,
            "min": 0.00011180357273216336,
            "max": 0.00029979008006997325,
            "count": 628
        },
        "Aimbot.Policy.LearningRate.sum": {
            "value": 0.00011180357273216336,
            "min": 0.00011180357273216336,
            "max": 0.0005985382404872532,
            "count": 628
        },
        "Aimbot.Policy.Epsilon.mean": {
            "value": 0.13726783666666667,
            "min": 0.13726783666666667,
            "max": 0.19993002666666662,
            "count": 628
        },
        "Aimbot.Policy.Epsilon.sum": {
            "value": 0.13726783666666667,
            "min": 0.13726783666666667,
            "max": 0.3995127466666667,
            "count": 628
        },
        "Aimbot.Policy.Beta.mean": {
            "value": 0.0018696650496666666,
            "min": 0.0018696650496666666,
            "max": 0.004996508330666668,
            "count": 628
        },
        "Aimbot.Policy.Beta.sum": {
            "value": 0.0018696650496666666,
            "min": 0.0018696650496666666,
            "max": 0.00997568605866667,
            "count": 628
        },
        "Aimbot.IsTraining.mean": {
            "value": 1.0,
            "min": 1.0,
            "max": 1.0,
            "count": 628
        },
        "Aimbot.IsTraining.sum": {
            "value": 1.0,
            "min": 1.0,
            "max": 1.0,
            "count": 628
        },
        "Aimbot.Environment.EpisodeLength.mean": {
            "value": 1417.8695652173913,
            "min": 857.3461538461538,
            "max": 3999.0,
            "count": 619
        },
        "Aimbot.Environment.EpisodeLength.sum": {
            "value": 32611.0,
            "min": 7998.0,
            "max": 45055.0,
            "count": 619
        },
        "Aimbot.Environment.CumulativeReward.mean": {
            "value": 1336.8195645705514,
            "min": -221.0062519311905,
            "max": 1696.1796273125542,
            "count": 627
        },
        "Aimbot.Environment.CumulativeReward.sum": {
            "value": 30746.84998512268,
            "min": -1768.050015449524,
            "max": 61067.5499753952,
            "count": 627
        },
        "Aimbot.Policy.ExtrinsicReward.mean": {
            "value": 1336.8195645705514,
            "min": -221.0062519311905,
            "max": 1696.1796273125542,
            "count": 627
        },
        "Aimbot.Policy.ExtrinsicReward.sum": {
            "value": 30746.84998512268,
            "min": -1768.050015449524,
            "max": 61067.5499753952,
            "count": 627
        }
    },
    "metadata": {
        "timer_format_version": "0.1.0",
        "start_time_seconds": "1759863789",
        "python_version": "3.10.12 | packaged by Anaconda, Inc. | (main, Jul  5 2023, 19:01:18) [MSC v.1916 64 bit (AMD64)]",
        "command_line_arguments": "C:\\Users\\dotmstfa\\miniconda3\\envs\\mlagents\\Scripts\\mlagents-learn .\\Aimbot_config_PPO.yaml --run-id=Updated_PPO_RUN --force",
        "mlagents_version": "1.2.0.dev0",
        "mlagents_envs_version": "1.2.0.dev0",
        "communication_protocol_version": "1.5.0",
        "pytorch_version": "2.2.2+cu121",
        "numpy_version": "1.23.5",
        "end_time_seconds": "1759891875"
    },
    "total": 28085.7014163,
    "count": 1,
    "self": 0.007160099979955703,
    "children": {
        "run_training.setup": {
            "total": 0.10395610000705346,
            "count": 1,
            "self": 0.10395610000705346
        },
        "TrainerController.start_learning": {
            "total": 28085.59030010001,
            "count": 1,
            "self": 49.8651562044688,
            "children": {
                "TrainerController._reset_env": {
                    "total": 17.735609299998032,
                    "count": 1,
                    "self": 17.735609299998032
                },
                "TrainerController.advance": {
                    "total": 28017.838952495542,
                    "count": 2355435,
                    "self": 42.77858187450329,
                    "children": {
                        "env_step": {
                            "total": 22391.383919111016,
                            "count": 2355435,
                            "self": 12118.930980227335,
                            "children": {
                                "SubprocessEnvManager._take_step": {
                                    "total": 10239.82202601299,
                                    "count": 2355435,
                                    "self": 140.33593452561763,
                                    "children": {
                                        "TorchPolicy.evaluate": {
                                            "total": 10099.486091487372,
                                            "count": 2355435,
                                            "self": 10099.486091487372
                                        }
                                    }
                                },
                                "workers": {
                                    "total": 32.630912870692555,
                                    "count": 2355434,
                                    "self": 0.0,