{"count":1,"self":3864.8991744,"total":45775.400687199995,"children":{"InitializeActuators":{"count":8,"self":0.0020066999999999997,"total":0.0020066999999999997,"children":null},"InitializeSensors":{"count":8,"self":0.0009977,"total":0.0009977,"children":null},"AgentSendState":{"count":2637868,"self":50.6596864,"total":416.9805135,"children":{"CollectObservations":{"count":21102944,"self":195.594496,"total":195.5944993,"children":null},"WriteActionMask":{"count":21102944,"self":10.5075016,"total":10.5075015,"children":null},"RequestDecision":{"count":21102944,"self":36.1426528,"total":160.21882589999998,"children":{"AgentInfo.ToProto":{"count":21102944,"self":32.9042272,"total":124.07617459999999,"children":{"GenerateSensorData":{"count":21102944,"self":91.1719488,"total":91.1719476,"children":null}}}}}}},"DecideAction":{"count":2637868,"self":41353.609216,"total":41353.6088081,"children":null},"AgentAct":{"count":2637868,"self":139.8751744,"total":139.9080019,"children":{"AgentInfo.ToProto":{"count":4227,"self":0.0035156999999999996,"total":0.032825,"children":{"GenerateSensorData":{"count":4227,"self":0.0293093,"total":0.0293093,"children":null}}}}}},"gauges":{"Aimbot.CumulativeReward":{"count":4227,"max":87.02131,"min":-43.46871,"runningAverage":16.1158142,"value":51.47255,"weightedAverage":19.5259342}},"metadata":{"timer_format_version":"0.1.0","start_time_seconds":"1759647257","unity_version":"6000.2.6f2","command_line_arguments":"C:\\Program Files\\Unity\\Hub\\Editor\\6000.2.6f2\\Editor\\Unity.exe -projectPath C:\\Users\\dotmstfa\\Projects\\AimTrainer-RL","communication_protocol_version":"1.5.0","com.unity.ml-agents_version":"4.0.0","scene_name":"AimbotAgent","end_time_seconds":"1759693032"}}