{"count":1,"self":446.58544639999997,"total":453.52614389999997,"children":{"InitializeActuators":{"count":1,"self":0.0015275999999999998,"total":0.0015275999999999998,"children":null},"InitializeSensors":{"count":1,"self":0.0010004999999999999,"total":0.0010004999999999999,"children":null},"AgentSendState":{"count":13842,"self":0.17079999999999998,"total":0.505518,"children":{"CollectObservations":{"count":13842,"self":0.2491077,"total":0.2491077,"children":null},"WriteActionMask":{"count":13842,"self":0.0259542,"total":0.0259542,"children":null},"RequestDecision":{"count":13842,"self":0.0596561,"total":0.0596561,"children":null}}},"DecideAction":{"count":13842,"self":5.8336071999999994,"total":5.8336073,"children":null},"AgentAct":{"count":13842,"self":0.59804459999999993,"total":0.59804459999999993,"children":null}},"gauges":{"Aimbot.CumulativeReward":{"count":15,"max":1986.40112,"min":88.484314,"runningAverage":1825.68018,"value":1966.9021,"weightedAverage":1935.52429}},"metadata":{"timer_format_version":"0.1.0","start_time_seconds":"1759852480","unity_version":"6000.2.6f2","command_line_arguments":"C:\\Program Files\\Unity\\Hub\\Editor\\6000.2.6f2\\Editor\\Unity.exe -projectpath C:\\Users\\dotmstfa\\Projects\\AimTrainer-RL -acceptSoftwareTermsForThisRunOnly -useHub -hubIPC -cloudEnvironment production","communication_protocol_version":"1.5.0","com.unity.ml-agents_version":"4.0.0","scene_name":"FirstPerson","end_time_seconds":"1759852933"}}